timestamp,endpoint,method,status_code,response_time_ms,user_agent,client_ip
2025-04-24 00:18:12.194317,/recipes?ingredient=dinner,GET,200,53,Mozilla/5.0 (Windows NT 10.0; Win64; x64),103.212.94.68
2025-04-24 00:18:51.194317,/recipes?ingredient=lunch,POST,200,596,Mozilla/5.0 (Windows NT 10.0; Win64; x64),15.127.188.215
2025-04-24 00:21:12.194317,/recipes?ingredient=breakfast,GET,200,1671,curl/7.68.0,172.229.188.84
2025-04-24 00:23:48.194317,/recipes?ingredient=dinner,POST,200,1564,PostmanRuntime/7.28.4,15.193.63.183
2025-04-24 00:30:19.194317,/recipes/random,GET,200,1351,Mozilla/5.0 (Macintosh; Intel Mac OS X 10_15_7),207.179.156.172
2025-04-24 00:31:40.194317,/recipes?ingredient=lunch,GET,404,391,Mozilla/5.0 (Windows NT 10.0; Win64; x64),241.109.106.49
2025-04-24 00:34:35.194317,/recipes?ingredient=lunch,POST,401,1902,Mozilla/5.0 (Windows NT 10.0; Win64; x64),148.179.18.15
2025-04-24 00:37:53.194317,/recipes?ingredient=dinner,POST,200,347,Mozilla/5.0 (iPhone; CPU iPhone OS 15_0 like Mac OS X),72.214.101.109
2025-04-24 00:40:26.194317,/recipes?ingredient=breakfast,GET,200,777,Mozilla/5.0 (iPhone; CPU iPhone OS 15_0 like Mac OS X),73.88.142.19
2025-04-24 00:40:37.194317,/recipes?ingredient=dinner,POST,401,1002,PostmanRuntime/7.28.4,191.229.225.70
2025-04-24 00:44:00.194317,/recipes?ingredient=dinner,GET,200,1999,curl/7.68.0,143.214.118.62
2025-04-24 00:45:06.194317,/recipes?ingredient=dinner,GET,200,60,PostmanRuntime/7.28.4,32.189.226.21
2025-04-24 00:48:10.194317,/recipes?ingredient=dinner,POST,200,1244,Mozilla/5.0 (Windows NT 10.0; Win64; x64),23.112.33.145
2025-04-24 00:48:38.194317,/recipes?ingredient=lunch,GET,200,1466,curl/7.68.0,144.132.204.207
2025-04-24 00:50:41.194317,/recipes?ingredient=dinner,POST,404,1146,Mozilla/5.0 (iPhone; CPU iPhone OS 15_0 like Mac OS X),174.35.59.225
2025-04-24 00:55:16.194317,/recipes?ingredient=lunch,POST,200,1390,curl/7.68.0,1.29.158.199
2025-04-24 00:55:57.194317,/recipes?ingredient=lunch,GET,200,1478,Mozilla/5.0 (iPhone; CPU iPhone OS 15_0 like Mac OS X),46.100.182.142
2025-04-24 00:59:00.194317,/recipes/random,GET,404,663,Mozilla/5.0 (iPhone; CPU iPhone OS 15_0 like Mac OS X),250.245.28.254
2025-04-24 01:01:36.194317,/recipes/categories,GET,200,792,Mozilla/5.0 (Windows NT 10.0; Win64; x64),11.55.147.161
2025-04-24 01:07:32.194317,/recipes?ingredient=breakfast,GET,200,1115,Mozilla/5.0 (Macintosh; Intel Mac OS X 10_15_7),18.235.105.79
2025-04-24 01:07:37.194317,/recipes?ingredient=dinner,GET,200,191,curl/7.68.0,61.180.171.18
2025-04-24 01:11:20.194317,/recipes?ingredient=lunch,POST,200,673,Mozilla/5.0 (Windows NT 10.0; Win64; x64),199.55.140.77
2025-04-24 01:11:57.194317,/recipes?ingredient=dinner,GET,404,793,curl/7.68.0,192.226.3.148
2025-04-24 01:19:06.194317,/recipes?ingredient=lunch,GET,500,1342,Mozilla/5.0 (Macintosh; Intel Mac OS X 10_15_7),130.71.245.173
2025-04-24 01:19:31.194317,/recipes?ingredient=dinner,GET,200,303,Mozilla/5.0 (Macintosh; Intel Mac OS X 10_15_7),154.240.23.246
2025-04-24 01:22:46.194317,/recipes?ingredient=lunch,GET,200,1267,Mozilla/5.0 (Macintosh; Intel Mac OS X 10_15_7),255.79.98.89
2025-04-24 01:28:18.194317,/recipes?ingredient=dinner,GET,404,1052,curl/7.68.0,50.170.194.36
2025-04-24 01:31:41.194317,/recipes?ingredient=dinner,GET,200,834,curl/7.68.0,251.60.169.4
2025-04-24 01:35:26.194317,/recipes?ingredient=lunch,GET,500,1836,Mozilla/5.0 (Macintosh; Intel Mac OS X 10_15_7),135.149.19.124
2025-04-24 01:42:01.194317,/recipes/random,GET,200,1698,Mozilla/5.0 (iPhone; CPU iPhone OS 15_0 like Mac OS X),183.193.63.145
2025-04-24 01:42:55.194317,/recipes?ingredient=dinner,GET,200,1179,PostmanRuntime/7.28.4,18.114.108.236
2025-04-24 01:43:13.194317,/recipes?ingredient=dinner,GET,404,1901,Mozilla/5.0 (iPhone; CPU iPhone OS 15_0 like Mac OS X),193.158.42.11
2025-04-24 01:44:40.194317,/recipes/categories,GET,200,445,Mozilla/5.0 (Windows NT 10.0; Win64; x64),217.74.19.2
2025-04-24 01:50:38.194317,/recipes?ingredient=breakfast,GET,200,1833,Mozilla/5.0 (Macintosh; Intel Mac OS X 10_15_7),29.162.166.110
2025-04-24 01:53:37.194317,/recipes?ingredient=dinner,POST,200,531,PostmanRuntime/7.28.4,85.160.15.153
2025-04-24 01:54:49.194317,/recipes?ingredient=dinner,GET,200,640,Mozilla/5.0 (iPhone; CPU iPhone OS 15_0 like Mac OS X),133.17.220.202
2025-04-24 01:55:48.194317,/recipes?ingredient=dinner,GET,404,1303,Mozilla/5.0 (Windows NT 10.0; Win64; x64),172.30.67.108
2025-04-24 01:57:39.194317,/recipes?ingredient=dinner,POST,401,733,Mozilla/5.0 (Windows NT 10.0; Win64; x64),72.177.154.39
2025-04-24 02:01:31.194317,/recipes?ingredient=dinner,GET,200,1422,Mozilla/5.0 (Windows NT 10.0; Win64; x64),248.88.90.55
2025-04-24 02:03:17.194317,/recipes?ingredient=dinner,POST,404,718,Mozilla/5.0 (Windows NT 10.0; Win64; x64),51.42.5.45
2025-04-24 02:07:30.194317,/recipes?ingredient=dinner,GET,200,792,PostmanRuntime/7.28.4,23.209.169.137
2025-04-24 02:13:46.194317,/recipes?ingredient=lunch,POST,500,91,PostmanRuntime/7.28.4,207.1.133.207
2025-04-24 02:22:15.194317,/recipes?ingredient=lunch,GET,200,1345,Mozilla/5.0 (iPhone; CPU iPhone OS 15_0 like Mac OS X),44.128.222.90
2025-04-24 02:23:13.194317,/recipes?ingredient=lunch,GET,200,319,Mozilla/5.0 (Macintosh; Intel Mac OS X 10_15_7),103.53.130.102
2025-04-24 02:23:29.194317,/recipes?ingredient=dinner,GET,401,693,PostmanRuntime/7.28.4,69.227.183.94
2025-04-24 02:24:47.194317,/recipes?ingredient=dinner,GET,200,1234,Mozilla/5.0 (Windows NT 10.0; Win64; x64),243.112.216.107
2025-04-24 02:25:55.194317,/recipes?ingredient=lunch,GET,404,1962,Mozilla/5.0 (iPhone; CPU iPhone OS 15_0 like Mac OS X),45.114.142.135
2025-04-24 02:27:59.194317,/recipes?ingredient=dinner,GET,401,1005,PostmanRuntime/7.28.4,111.168.253.68
2025-04-24 02:32:20.194317,/recipes?ingredient=dinner,POST,200,431,Mozilla/5.0 (Macintosh; Intel Mac OS X 10_15_7),130.224.168.190
2025-04-24 02:34:03.194317,/recipes?ingredient=lunch,GET,404,1155,Mozilla/5.0 (Macintosh; Intel Mac OS X 10_15_7),152.132.246.98
2025-04-24 02:35:30.194317,/recipes?ingredient=breakfast,POST,200,518,Mozilla/5.0 (iPhone; CPU iPhone OS 15_0 like Mac OS X),3.88.95.56
2025-04-24 02:36:26.194317,/recipes?ingredient=breakfast,GET,200,1610,Mozilla/5.0 (iPhone; CPU iPhone OS 15_0 like Mac OS X),52.176.160.61
2025-04-24 02:36:35.194317,/recipes?ingredient=breakfast,GET,200,1891,PostmanRuntime/7.28.4,164.131.87.188
2025-04-24 02:38:49.194317,/recipes?ingredient=dinner,GET,200,1155,Mozilla/5.0 (iPhone; CPU iPhone OS 15_0 like Mac OS X),234.153.38.120
2025-04-24 02:42:39.194317,/recipes?ingredient=lunch,GET,200,1577,Mozilla/5.0 (Macintosh; Intel Mac OS X 10_15_7),11.102.222.98
2025-04-24 02:44:49.194317,/recipes?ingredient=breakfast,GET,200,502,PostmanRuntime/7.28.4,180.68.222.126
2025-04-24 02:46:14.194317,/recipes?ingredient=dinner,GET,200,84,PostmanRuntime/7.28.4,22.134.168.73
2025-04-24 02:46:25.194317,/recipes/categories,GET,401,1439,Mozilla/5.0 (Windows NT 10.0; Win64; x64),250.29.18.19
2025-04-24 02:47:22.194317,/recipes?ingredient=dinner,GET,200,291,Mozilla/5.0 (Windows NT 10.0; Win64; x64),85.85.3.29
2025-04-24 02:50:07.194317,/recipes?ingredient=dinner,GET,200,948,Mozilla/5.0 (Windows NT 10.0; Win64; x64),237.192.149.248
2025-04-24 02:52:54.194317,/recipes?ingredient=lunch,GET,200,1225,PostmanRuntime/7.28.4,40.129.208.81
2025-04-24 02:55:03.194317,/recipes?ingredient=lunch,GET,200,67,Mozilla/5.0 (Macintosh; Intel Mac OS X 10_15_7),102.194.246.43
2025-04-24 02:55:57.194317,/recipes?ingredient=dinner,GET,401,1023,Mozilla/5.0 (Windows NT 10.0; Win64; x64),224.227.96.29
2025-04-24 02:59:37.194317,/recipes?ingredient=lunch,GET,200,1077,curl/7.68.0,100.245.227.48
2025-04-24 03:09:13.194317,/recipes?ingredient=dinner,GET,200,1761,Mozilla/5.0 (Macintosh; Intel Mac OS X 10_15_7),211.143.209.202
2025-04-24 03:13:15.194317,/recipes?ingredient=dinner,GET,200,140,PostmanRuntime/7.28.4,87.34.64.83
2025-04-24 03:15:15.194317,/recipes?ingredient=breakfast,GET,404,802,Mozilla/5.0 (Macintosh; Intel Mac OS X 10_15_7),178.186.204.119
2025-04-24 03:18:46.194317,/recipes?ingredient=lunch,GET,200,150,Mozilla/5.0 (Macintosh; Intel Mac OS X 10_15_7),206.169.106.27
2025-04-24 03:19:53.194317,/recipes?ingredient=dinner,POST,404,1455,curl/7.68.0,84.42.124.6
2025-04-24 03:22:06.194317,/recipes?ingredient=dinner,GET,200,450,curl/7.68.0,105.236.100.74
2025-04-24 03:24:16.194317,/recipes/random,POST,200,1383,Mozilla/5.0 (iPhone; CPU iPhone OS 15_0 like Mac OS X),153.28.112.181
2025-04-24 03:25:45.194317,/recipes?ingredient=breakfast,GET,404,880,Mozilla/5.0 (Macintosh; Intel Mac OS X 10_15_7),15.80.150.68
2025-04-24 03:25:53.194317,/recipes?ingredient=breakfast,POST,200,1218,Mozilla/5.0 (iPhone; CPU iPhone OS 15_0 like Mac OS X),100.97.38.232
2025-04-24 03:37:07.194317,/recipes?ingredient=lunch,GET,200,1666,Mozilla/5.0 (Macintosh; Intel Mac OS X 10_15_7),119.86.59.210
2025-04-24 03:37:56.194317,/recipes?ingredient=lunch,GET,200,95,PostmanRuntime/7.28.4,59.146.126.145
2025-04-24 03:41:00.194317,/recipes?ingredient=dinner,GET,200,539,Mozilla/5.0 (Windows NT 10.0; Win64; x64),196.31.115.169
2025-04-24 03:42:36.194317,/recipes?ingredient=breakfast,GET,200,1494,PostmanRuntime/7.28.4,34.37.175.145
2025-04-24 03:47:29.194317,/recipes?ingredient=lunch,GET,200,516,Mozilla/5.0 (Windows NT 10.0; Win64; x64),69.203.33.203
2025-04-24 03:50:48.194317,/recipes/categories,GET,200,71,curl/7.68.0,108.157.172.247
2025-04-24 03:52:10.194317,/recipes?ingredient=lunch,GET,200,655,Mozilla/5.0 (Macintosh; Intel Mac OS X 10_15_7),105.77.186.22
2025-04-24 03:55:19.194317,/recipes?ingredient=dinner,GET,500,758,Mozilla/5.0 (Windows NT 10.0; Win64; x64),149.225.149.155
2025-04-24 04:00:09.194317,/recipes?ingredient=lunch,GET,200,360,Mozilla/5.0 (iPhone; CPU iPhone OS 15_0 like Mac OS X),167.45.244.205
2025-04-24 04:05:38.194317,/recipes?ingredient=lunch,GET,200,373,Mozilla/5.0 (iPhone; CPU iPhone OS 15_0 like Mac OS X),52.53.111.37
2025-04-24 04:09:32.194317,/recipes?ingredient=lunch,GET,500,1818,curl/7.68.0,15.18.31.127
2025-04-24 04:12:53.194317,/recipes?ingredient=breakfast,GET,401,1416,Mozilla/5.0 (iPhone; CPU iPhone OS 15_0 like Mac OS X),60.157.145.32
2025-04-24 04:13:34.194317,/recipes?ingredient=dinner,GET,404,583,Mozilla/5.0 (iPhone; CPU iPhone OS 15_0 like Mac OS X),177.100.90.195
2025-04-24 04:16:09.194317,/recipes?ingredient=lunch,GET,200,681,Mozilla/5.0 (Macintosh; Intel Mac OS X 10_15_7),228.106.22.24
2025-04-24 04:22:12.194317,/recipes?ingredient=lunch,POST,404,952,PostmanRuntime/7.28.4,106.102.117.251
2025-04-24 04:32:09.194317,/recipes?ingredient=lunch,GET,401,951,PostmanRuntime/7.28.4,45.245.202.237
2025-04-24 04:39:16.194317,/recipes?ingredient=dinner,GET,500,807,Mozilla/5.0 (Macintosh; Intel Mac OS X 10_15_7),246.67.67.87
2025-04-24 04:41:38.194317,/recipes?ingredient=dinner,GET,200,1250,PostmanRuntime/7.28.4,32.250.241.141
2025-04-24 04:45:04.194317,/recipes?ingredient=dinner,GET,200,487,Mozilla/5.0 (Windows NT 10.0; Win64; x64),154.94.183.222
2025-04-24 04:45:06.194317,/recipes?ingredient=lunch,GET,200,1045,PostmanRuntime/7.28.4,189.143.204.135
2025-04-24 04:48:39.194317,/recipes?ingredient=lunch,GET,200,760,Mozilla/5.0 (iPhone; CPU iPhone OS 15_0 like Mac OS X),186.76.156.49
2025-04-24 04:48:56.194317,/recipes?ingredient=lunch,GET,401,1265,Mozilla/5.0 (Windows NT 10.0; Win64; x64),142.234.50.137
2025-04-24 04:50:09.194317,/recipes?ingredient=breakfast,GET,200,1917,Mozilla/5.0 (Macintosh; Intel Mac OS X 10_15_7),198.104.159.205
2025-04-24 04:53:43.194317,/recipes?ingredient=dinner,GET,200,1002,curl/7.68.0,33.116.183.225
2025-04-24 05:05:10.194317,/recipes?ingredient=dinner,POST,401,201,PostmanRuntime/7.28.4,162.95.55.137
2025-04-24 05:05:31.194317,/recipes?ingredient=dinner,GET,200,1477,Mozilla/5.0 (Macintosh; Intel Mac OS X 10_15_7),108.19.39.109
2025-04-24 05:07:47.194317,/recipes?ingredient=dinner,GET,200,475,curl/7.68.0,112.7.115.100
2025-04-24 05:08:16.194317,/recipes?ingredient=dinner,GET,401,666,Mozilla/5.0 (iPhone; CPU iPhone OS 15_0 like Mac OS X),132.253.233.170
2025-04-24 05:08:18.194317,/recipes?ingredient=breakfast,POST,200,1981,curl/7.68.0,241.250.207.23
2025-04-24 05:09:46.194317,/recipes?ingredient=dinner,POST,200,150,Mozilla/5.0 (Macintosh; Intel Mac OS X 10_15_7),183.16.175.16
2025-04-24 05:10:45.194317,/recipes?ingredient=lunch,GET,500,1865,Mozilla/5.0 (Macintosh; Intel Mac OS X 10_15_7),191.71.163.62
2025-04-24 05:11:15.194317,/recipes?ingredient=dinner,POST,200,1779,Mozilla/5.0 (Macintosh; Intel Mac OS X 10_15_7),60.238.103.21
2025-04-24 05:14:20.194317,/recipes?ingredient=breakfast,GET,200,269,Mozilla/5.0 (iPhone; CPU iPhone OS 15_0 like Mac OS X),132.205.125.53
2025-04-24 05:17:11.194317,/recipes?ingredient=dinner,GET,200,213,Mozilla/5.0 (Windows NT 10.0; Win64; x64),211.205.110.74
2025-04-24 05:19:59.194317,/recipes?ingredient=dinner,GET,401,461,Mozilla/5.0 (iPhone; CPU iPhone OS 15_0 like Mac OS X),219.23.140.127
2025-04-24 05:24:20.194317,/recipes?ingredient=dinner,POST,200,1609,curl/7.68.0,103.58.22.220
2025-04-24 05:24:39.194317,/recipes?ingredient=lunch,GET,200,525,Mozilla/5.0 (Windows NT 10.0; Win64; x64),174.52.31.219
2025-04-24 05:26:05.194317,/recipes?ingredient=lunch,GET,200,579,Mozilla/5.0 (Windows NT 10.0; Win64; x64),63.78.238.185
2025-04-24 05:27:40.194317,/recipes?ingredient=lunch,GET,200,345,Mozilla/5.0 (Windows NT 10.0; Win64; x64),234.249.251.53
2025-04-24 05:30:16.194317,/recipes?ingredient=dinner,GET,200,898,Mozilla/5.0 (Macintosh; Intel Mac OS X 10_15_7),168.246.87.200
2025-04-24 05:41:01.194317,/recipes?ingredient=breakfast,GET,200,1888,curl/7.68.0,254.221.92.115
2025-04-24 05:42:27.194317,/recipes?ingredient=dinner,GET,200,727,curl/7.68.0,22.221.241.134
2025-04-24 05:46:41.194317,/recipes?ingredient=dinner,GET,200,317,Mozilla/5.0 (Macintosh; Intel Mac OS X 10_15_7),34.87.244.57
2025-04-24 05:46:47.194317,/recipes?ingredient=lunch,GET,401,535,Mozilla/5.0 (iPhone; CPU iPhone OS 15_0 like Mac OS X),220.22.248.129
2025-04-24 05:48:09.194317,/recipes?ingredient=lunch,GET,200,1947,PostmanRuntime/7.28.4,141.171.221.198
2025-04-24 05:51:09.194317,/recipes?ingredient=lunch,POST,200,1435,Mozilla/5.0 (Windows NT 10.0; Win64; x64),129.250.168.144
2025-04-24 06:03:43.194317,/recipes?ingredient=lunch,POST,200,1552,curl/7.68.0,239.168.62.51
2025-04-24 06:04:09.194317,/recipes?ingredient=dinner,GET,404,1704,curl/7.68.0,165.98.189.229
2025-04-24 06:04:16.194317,/recipes?ingredient=lunch,POST,200,1741,Mozilla/5.0 (Macintosh; Intel Mac OS X 10_15_7),100.53.104.242
2025-04-24 06:05:38.194317,/recipes?ingredient=breakfast,GET,200,579,Mozilla/5.0 (Windows NT 10.0; Win64; x64),59.5.65.86
2025-04-24 06:05:53.194317,/recipes?ingredient=dinner,POST,404,1048,PostmanRuntime/7.28.4,28.210.31.255
2025-04-24 06:09:28.194317,/recipes?ingredient=lunch,GET,404,564,curl/7.68.0,179.110.34.108
2025-04-24 06:09:42.194317,/recipes?ingredient=dinner,GET,401,985,PostmanRuntime/7.28.4,112.167.161.183
2025-04-24 06:10:20.194317,/recipes/categories,GET,200,1482,Mozilla/5.0 (iPhone; CPU iPhone OS 15_0 like Mac OS X),162.122.240.201
2025-04-24 06:12:01.194317,/recipes?ingredient=lunch,GET,404,525,Mozilla/5.0 (Macintosh; Intel Mac OS X 10_15_7),220.239.25.144
2025-04-24 06:14:55.194317,/recipes?ingredient=lunch,GET,500,1819,Mozilla/5.0 (iPhone; CPU iPhone OS 15_0 like Mac OS X),91.76.249.147
2025-04-24 06:20:58.194317,/recipes?ingredient=dinner,GET,200,1713,Mozilla/5.0 (Windows NT 10.0; Win64; x64),38.81.99.90
2025-04-24 06:21:08.194317,/recipes?ingredient=breakfast,GET,401,1857,Mozilla/5.0 (Windows NT 10.0; Win64; x64),22.69.14.252
2025-04-24 06:24:25.194317,/recipes/categories,POST,200,915,curl/7.68.0,155.245.208.243
2025-04-24 06:25:24.194317,/recipes?ingredient=lunch,GET,200,1454,Mozilla/5.0 (Macintosh; Intel Mac OS X 10_15_7),131.16.81.31
2025-04-24 06:26:26.194317,/recipes?ingredient=dinner,GET,401,860,PostmanRuntime/7.28.4,11.70.195.99
2025-04-24 06:27:59.194317,/recipes?ingredient=dinner,GET,200,1703,Mozilla/5.0 (Macintosh; Intel Mac OS X 10_15_7),119.120.191.65
2025-04-24 06:28:23.194317,/recipes?ingredient=dinner,GET,401,154,Mozilla/5.0 (Windows NT 10.0; Win64; x64),2.186.70.82
2025-04-24 06:33:04.194317,/recipes?ingredient=dinner,GET,200,1430,curl/7.68.0,209.81.114.136
2025-04-24 06:33:07.194317,/recipes?ingredient=lunch,GET,401,1352,Mozilla/5.0 (iPhone; CPU iPhone OS 15_0 like Mac OS X),103.119.133.181
2025-04-24 06:36:20.194317,/recipes/random,GET,200,1766,PostmanRuntime/7.28.4,95.220.36.249
2025-04-24 06:40:34.194317,/recipes?ingredient=lunch,GET,200,554,Mozilla/5.0 (iPhone; CPU iPhone OS 15_0 like Mac OS X),89.15.64.101
2025-04-24 06:41:28.194317,/recipes?ingredient=dinner,GET,200,1342,Mozilla/5.0 (Macintosh; Intel Mac OS X 10_15_7),70.3.57.50
2025-04-24 06:42:32.194317,/recipes?ingredient=dinner,POST,200,1578,Mozilla/5.0 (iPhone; CPU iPhone OS 15_0 like Mac OS X),200.101.246.236
2025-04-24 06:46:58.194317,/recipes/random,GET,404,671,PostmanRuntime/7.28.4,163.234.11.51
2025-04-24 06:48:16.194317,/recipes?ingredient=breakfast,GET,200,251,Mozilla/5.0 (iPhone; CPU iPhone OS 15_0 like Mac OS X),204.169.3.79
2025-04-24 06:52:18.194317,/recipes?ingredient=dinner,GET,500,1621,Mozilla/5.0 (Macintosh; Intel Mac OS X 10_15_7),62.33.198.187
2025-04-24 06:55:32.194317,/recipes?ingredient=breakfast,GET,500,1515,PostmanRuntime/7.28.4,69.35.200.209
2025-04-24 06:59:53.194317,/recipes?ingredient=dinner,POST,200,948,Mozilla/5.0 (Windows NT 10.0; Win64; x64),192.209.19.201
2025-04-24 07:05:17.194317,/recipes?ingredient=lunch,GET,200,1353,Mozilla/5.0 (Macintosh; Intel Mac OS X 10_15_7),112.73.168.70
2025-04-24 07:05:36.194317,/recipes/random,GET,404,1094,Mozilla/5.0 (Macintosh; Intel Mac OS X 10_15_7),89.211.75.97
2025-04-24 07:06:21.194317,/recipes?ingredient=dinner,GET,404,1188,Mozilla/5.0 (Macintosh; Intel Mac OS X 10_15_7),43.56.118.3
2025-04-24 07:09:14.194317,/recipes?ingredient=lunch,GET,200,234,Mozilla/5.0 (iPhone; CPU iPhone OS 15_0 like Mac OS X),183.135.12.92
2025-04-24 07:13:18.194317,/recipes?ingredient=breakfast,POST,404,1002,Mozilla/5.0 (iPhone; CPU iPhone OS 15_0 like Mac OS X),239.33.198.125
2025-04-24 07:13:19.194317,/recipes?ingredient=breakfast,GET,200,824,Mozilla/5.0 (Macintosh; Intel Mac OS X 10_15_7),220.88.156.255
2025-04-24 07:15:19.194317,/recipes?ingredient=lunch,POST,200,1991,Mozilla/5.0 (iPhone; CPU iPhone OS 15_0 like Mac OS X),211.120.230.193
2025-04-24 07:18:30.194317,/recipes?ingredient=breakfast,GET,200,1698,PostmanRuntime/7.28.4,109.144.250.4
2025-04-24 07:18:59.194317,/recipes?ingredient=lunch,POST,200,706,curl/7.68.0,221.192.133.220
2025-04-24 07:19:22.194317,/recipes/random,GET,200,137,curl/7.68.0,232.85.171.154
2025-04-24 07:23:42.194317,/recipes?ingredient=dinner,GET,200,1959,curl/7.68.0,53.174.209.179
2025-04-24 07:26:09.194317,/recipes?ingredient=lunch,GET,200,1520,Mozilla/5.0 (iPhone; CPU iPhone OS 15_0 like Mac OS X),234.112.13.137
2025-04-24 07:31:48.194317,/recipes?ingredient=lunch,GET,200,554,Mozilla/5.0 (Windows NT 10.0; Win64; x64),204.229.11.238
2025-04-24 07:53:50.194317,/recipes?ingredient=lunch,GET,200,1641,PostmanRuntime/7.28.4,22.41.22.77
2025-04-24 07:57:54.194317,/recipes?ingredient=breakfast,POST,200,1527,PostmanRuntime/7.28.4,199.62.223.85
2025-04-24 07:59:59.194317,/recipes?ingredient=dinner,GET,200,921,PostmanRuntime/7.28.4,206.181.165.106
2025-04-24 08:08:06.194317,/recipes?ingredient=dinner,GET,200,1333,PostmanRuntime/7.28.4,42.118.131.246
2025-04-24 08:09:49.194317,/recipes?ingredient=dinner,GET,404,71,PostmanRuntime/7.28.4,243.252.14.71
2025-04-24 08:12:03.194317,/recipes?ingredient=lunch,GET,200,1998,Mozilla/5.0 (iPhone; CPU iPhone OS 15_0 like Mac OS X),237.241.14.206
2025-04-24 08:13:01.194317,/recipes/categories,GET,200,1709,Mozilla/5.0 (Macintosh; Intel Mac OS X 10_15_7),140.114.184.94
2025-04-24 08:19:53.194317,/recipes?ingredient=dinner,GET,200,1959,Mozilla/5.0 (Macintosh; Intel Mac OS X 10_15_7),45.196.127.217
2025-04-24 08:20:03.194317,/recipes?ingredient=lunch,GET,500,149,PostmanRuntime/7.28.4,34.128.249.7
2025-04-24 08:23:31.194317,/recipes?ingredient=dinner,POST,200,297,Mozilla/5.0 (iPhone; CPU iPhone OS 15_0 like Mac OS X),215.245.38.217
2025-04-24 08:25:47.194317,/recipes?ingredient=lunch,GET,200,335,curl/7.68.0,8.46.33.109
2025-04-24 08:29:48.194317,/recipes?ingredient=lunch,POST,200,1127,Mozilla/5.0 (Windows NT 10.0; Win64; x64),117.31.29.213
2025-04-24 08:30:11.194317,/recipes?ingredient=lunch,GET,200,372,Mozilla/5.0 (Windows NT 10.0; Win64; x64),239.73.116.46
2025-04-24 08:32:07.194317,/recipes?ingredient=dinner,GET,500,733,PostmanRuntime/7.28.4,4.181.146.149
2025-04-24 08:32:17.194317,/recipes/random,POST,401,133,curl/7.68.0,138.75.212.171
2025-04-24 08:36:29.194317,/recipes?ingredient=lunch,GET,200,1913,Mozilla/5.0 (iPhone; CPU iPhone OS 15_0 like Mac OS X),108.99.243.170
2025-04-24 08:38:43.194317,/recipes/random,GET,200,1528,Mozilla/5.0 (iPhone; CPU iPhone OS 15_0 like Mac OS X),75.203.11.239
2025-04-24 08:40:42.194317,/recipes?ingredient=lunch,GET,401,1562,Mozilla/5.0 (Windows NT 10.0; Win64; x64),180.21.232.159
2025-04-24 08:46:51.194317,/recipes?ingredient=dinner,GET,200,560,Mozilla/5.0 (Macintosh; Intel Mac OS X 10_15_7),168.204.94.147
2025-04-24 08:52:58.194317,/recipes/random,GET,401,287,curl/7.68.0,249.233.167.51
2025-04-24 08:53:15.194317,/recipes?ingredient=lunch,POST,404,292,Mozilla/5.0 (iPhone; CPU iPhone OS 15_0 like Mac OS X),120.82.135.102
2025-04-24 08:55:52.194317,/recipes?ingredient=dinner,GET,200,793,curl/7.68.0,216.43.3.187
2025-04-24 09:02:34.194317,/recipes?ingredient=lunch,GET,200,502,curl/7.68.0,145.192.248.240
2025-04-24 09:05:30.194317,/recipes?ingredient=lunch,GET,500,943,PostmanRuntime/7.28.4,255.34.187.96
2025-04-24 09:08:34.194317,/recipes?ingredient=breakfast,POST,200,320,Mozilla/5.0 (iPhone; CPU iPhone OS 15_0 like Mac OS X),94.88.175.130
2025-04-24 09:12:13.194317,/recipes?ingredient=breakfast,GET,401,1286,Mozilla/5.0 (iPhone; CPU iPhone OS 15_0 like Mac OS X),184.241.214.196
2025-04-24 09:15:14.194317,/recipes/categories,GET,401,1433,Mozilla/5.0 (Windows NT 10.0; Win64; x64),64.65.110.177
2025-04-24 09:15:25.194317,/recipes?ingredient=dinner,GET,500,499,Mozilla/5.0 (Windows NT 10.0; Win64; x64),70.198.240.83
2025-04-24 09:15:41.194317,/recipes?ingredient=lunch,GET,200,64,Mozilla/5.0 (Macintosh; Intel Mac OS X 10_15_7),65.154.175.250
2025-04-24 09:32:24.194317,/recipes/categories,POST,200,1221,Mozilla/5.0 (Windows NT 10.0; Win64; x64),101.168.117.148
2025-04-24 09:36:12.194317,/recipes?ingredient=lunch,POST,500,1041,Mozilla/5.0 (Macintosh; Intel Mac OS X 10_15_7),39.30.70.168
2025-04-24 09:38:41.194317,/recipes?ingredient=dinner,GET,200,1670,Mozilla/5.0 (Macintosh; Intel Mac OS X 10_15_7),121.250.29.138
2025-04-24 09:39:30.194317,/recipes?ingredient=breakfast,GET,200,1802,Mozilla/5.0 (Windows NT 10.0; Win64; x64),121.241.199.34
2025-04-24 09:40:04.194317,/recipes?ingredient=dinner,GET,200,1161,Mozilla/5.0 (Macintosh; Intel Mac OS X 10_15_7),172.111.129.167
2025-04-24 09:56:59.194317,/recipes?ingredient=dinner,GET,200,1288,Mozilla/5.0 (iPhone; CPU iPhone OS 15_0 like Mac OS X),140.36.89.116
2025-04-24 09:57:38.194317,/recipes?ingredient=lunch,GET,401,1759,Mozilla/5.0 (Windows NT 10.0; Win64; x64),149.245.89.86
2025-04-24 10:01:41.194317,/recipes?ingredient=dinner,GET,200,1112,Mozilla/5.0 (iPhone; CPU iPhone OS 15_0 like Mac OS X),208.73.197.204
2025-04-24 10:02:06.194317,/recipes?ingredient=dinner,GET,200,884,curl/7.68.0,159.178.173.72
2025-04-24 10:03:56.194317,/recipes?ingredient=lunch,GET,500,1374,Mozilla/5.0 (iPhone; CPU iPhone OS 15_0 like Mac OS X),118.255.155.58
2025-04-24 10:04:17.194317,/recipes?ingredient=lunch,GET,200,1284,PostmanRuntime/7.28.4,187.163.209.1
2025-04-24 10:06:08.194317,/recipes?ingredient=dinner,GET,401,983,Mozilla/5.0 (Windows NT 10.0; Win64; x64),205.46.3.172
2025-04-24 10:10:32.194317,/recipes?ingredient=lunch,GET,200,285,Mozilla/5.0 (iPhone; CPU iPhone OS 15_0 like Mac OS X),193.214.116.221
2025-04-24 10:11:58.194317,/recipes?ingredient=lunch,POST,200,866,curl/7.68.0,64.107.31.242
2025-04-24 10:16:03.194317,/recipes?ingredient=dinner,GET,200,665,PostmanRuntime/7.28.4,120.6.230.196
2025-04-24 10:24:12.194317,/recipes?ingredient=dinner,GET,200,1402,Mozilla/5.0 (Macintosh; Intel Mac OS X 10_15_7),100.95.158.179
2025-04-24 10:24:50.194317,/recipes?ingredient=dinner,GET,500,1183,curl/7.68.0,121.7.233.116
2025-04-24 10:27:46.194317,/recipes?ingredient=lunch,GET,200,1601,Mozilla/5.0 (iPhone; CPU iPhone OS 15_0 like Mac OS X),16.17.78.144
2025-04-24 10:27:47.194317,/recipes?ingredient=dinner,GET,200,304,Mozilla/5.0 (Windows NT 10.0; Win64; x64),98.6.141.72
2025-04-24 10:28:48.194317,/recipes?ingredient=lunch,GET,200,1611,Mozilla/5.0 (Macintosh; Intel Mac OS X 10_15_7),57.178.81.11
2025-04-24 10:30:00.194317,/recipes?ingredient=lunch,GET,200,1530,Mozilla/5.0 (Windows NT 10.0; Win64; x64),217.11.180.135
2025-04-24 10:32:09.194317,/recipes?ingredient=lunch,GET,401,1006,PostmanRuntime/7.28.4,57.64.183.163
2025-04-24 10:34:26.194317,/recipes?ingredient=breakfast,GET,200,1579,PostmanRuntime/7.28.4,245.52.40.33
2025-04-24 10:34:47.194317,/recipes?ingredient=lunch,POST,200,470,Mozilla/5.0 (iPhone; CPU iPhone OS 15_0 like Mac OS X),48.60.7.232
2025-04-24 10:35:45.194317,/recipes?ingredient=lunch,GET,200,1650,Mozilla/5.0 (Macintosh; Intel Mac OS X 10_15_7),21.13.47.84
2025-04-24 10:42:04.194317,/recipes?ingredient=lunch,GET,200,1513,Mozilla/5.0 (Windows NT 10.0; Win64; x64),205.53.223.215
2025-04-24 10:46:33.194317,/recipes?ingredient=lunch,GET,200,522,Mozilla/5.0 (iPhone; CPU iPhone OS 15_0 like Mac OS X),174.219.249.20
2025-04-24 10:48:51.194317,/recipes?ingredient=dinner,GET,200,1229,Mozilla/5.0 (iPhone; CPU iPhone OS 15_0 like Mac OS X),47.37.87.115
2025-04-24 10:52:23.194317,/recipes?ingredient=breakfast,GET,401,55,Mozilla/5.0 (Macintosh; Intel Mac OS X 10_15_7),82.242.12.106
2025-04-24 11:02:36.194317,/recipes?ingredient=lunch,GET,200,1878,PostmanRuntime/7.28.4,91.32.56.190
2025-04-24 11:07:34.194317,/recipes?ingredient=dinner,GET,200,442,PostmanRuntime/7.28.4,72.93.153.211
2025-04-24 11:07:44.194317,/recipes?ingredient=lunch,GET,404,424,PostmanRuntime/7.28.4,224.170.169.130
2025-04-24 11:10:24.194317,/recipes?ingredient=lunch,POST,200,1500,Mozilla/5.0 (Windows NT 10.0; Win64; x64),160.236.59.133
2025-04-24 11:18:08.194317,/recipes?ingredient=dinner,GET,200,1532,Mozilla/5.0 (Windows NT 10.0; Win64; x64),115.162.128.253
2025-04-24 11:19:17.194317,/recipes?ingredient=dinner,POST,200,1714,Mozilla/5.0 (Windows NT 10.0; Win64; x64),9.250.92.220
2025-04-24 11:24:40.194317,/recipes?ingredient=lunch,POST,200,1382,Mozilla/5.0 (Macintosh; Intel Mac OS X 10_15_7),23.162.34.199
2025-04-24 11:24:46.194317,/recipes?ingredient=dinner,POST,401,1919,Mozilla/5.0 (Macintosh; Intel Mac OS X 10_15_7),33.134.110.246
2025-04-24 11:25:44.194317,/recipes?ingredient=dinner,GET,200,1003,Mozilla/5.0 (Windows NT 10.0; Win64; x64),4.98.249.133
2025-04-24 11:26:49.194317,/recipes?ingredient=lunch,GET,200,1241,Mozilla/5.0 (iPhone; CPU iPhone OS 15_0 like Mac OS X),169.248.157.3
2025-04-24 11:28:48.194317,/recipes?ingredient=dinner,GET,500,959,Mozilla/5.0 (Macintosh; Intel Mac OS X 10_15_7),244.226.117.205
2025-04-24 11:32:49.194317,/recipes?ingredient=lunch,GET,200,167,Mozilla/5.0 (Macintosh; Intel Mac OS X 10_15_7),127.220.1.209
2025-04-24 11:40:00.194317,/recipes/random,GET,500,374,Mozilla/5.0 (Windows NT 10.0; Win64; x64),140.79.237.88
2025-04-24 11:41:20.194317,/recipes/random,GET,200,863,PostmanRuntime/7.28.4,60.191.170.246
2025-04-24 11:47:23.194317,/recipes?ingredient=lunch,GET,200,1120,Mozilla/5.0 (Macintosh; Intel Mac OS X 10_15_7),169.102.31.53
2025-04-24 11:50:24.194317,/recipes?ingredient=dinner,GET,500,345,curl/7.68.0,2.194.55.23
2025-04-24 11:50:44.194317,/recipes?ingredient=dinner,GET,404,1187,Mozilla/5.0 (Windows NT 10.0; Win64; x64),161.162.224.32
2025-04-24 11:53:53.194317,/recipes?ingredient=lunch,GET,200,1000,curl/7.68.0,224.239.205.71
2025-04-24 11:58:16.194317,/recipes?ingredient=dinner,GET,200,1486,Mozilla/5.0 (Windows NT 10.0; Win64; x64),144.44.173.55
2025-04-24 12:02:53.194317,/recipes/random,GET,200,1893,curl/7.68.0,62.48.178.114
2025-04-24 12:14:22.194317,/recipes?ingredient=lunch,GET,500,1301,Mozilla/5.0 (iPhone; CPU iPhone OS 15_0 like Mac OS X),196.235.211.1
2025-04-24 12:14:58.194317,/recipes?ingredient=lunch,GET,404,1213,PostmanRuntime/7.28.4,139.71.114.112
2025-04-24 12:21:15.194317,/recipes?ingredient=dinner,GET,200,664,Mozilla/5.0 (Macintosh; Intel Mac OS X 10_15_7),166.115.134.17
2025-04-24 12:22:15.194317,/recipes?ingredient=lunch,GET,200,1230,Mozilla/5.0 (Windows NT 10.0; Win64; x64),118.223.202.172
2025-04-24 12:28:17.194317,/recipes?ingredient=dinner,GET,200,1405,Mozilla/5.0 (Windows NT 10.0; Win64; x64),229.80.22.199
2025-04-24 12:29:23.194317,/recipes?ingredient=lunch,GET,200,1529,Mozilla/5.0 (Windows NT 10.0; Win64; x64),103.136.84.206
2025-04-24 12:30:08.194317,/recipes?ingredient=dinner,POST,200,546,PostmanRuntime/7.28.4,74.228.49.17
2025-04-24 12:30:09.194317,/recipes?ingredient=lunch,GET,200,1567,curl/7.68.0,218.146.163.189
2025-04-24 12:32:49.194317,/recipes?ingredient=dinner,GET,200,1871,Mozilla/5.0 (Macintosh; Intel Mac OS X 10_15_7),159.90.11.121
2025-04-24 12:37:28.194317,/recipes/categories,GET,200,1011,Mozilla/5.0 (Macintosh; Intel Mac OS X 10_15_7),199.174.144.158
2025-04-24 12:39:41.194317,/recipes?ingredient=lunch,GET,200,1190,curl/7.68.0,199.172.128.172
2025-04-24 12:42:28.194317,/recipes?ingredient=dinner,GET,200,1326,Mozilla/5.0 (Windows NT 10.0; Win64; x64),220.50.154.25
2025-04-24 12:42:59.194317,/recipes?ingredient=lunch,GET,200,531,curl/7.68.0,216.133.107.191
2025-04-24 12:46:44.194317,/recipes?ingredient=lunch,POST,200,576,PostmanRuntime/7.28.4,208.74.226.149
2025-04-24 12:48:11.194317,/recipes?ingredient=lunch,GET,200,986,PostmanRuntime/7.28.4,226.139.156.5
2025-04-24 12:49:09.194317,/recipes?ingredient=dinner,GET,500,1030,Mozilla/5.0 (Windows NT 10.0; Win64; x64),28.240.202.180
2025-04-24 12:51:49.194317,/recipes?ingredient=lunch,POST,200,186,curl/7.68.0,6.248.142.174
2025-04-24 12:55:14.194317,/recipes?ingredient=dinner,GET,404,1434,PostmanRuntime/7.28.4,219.2.106.41
2025-04-24 12:58:34.194317,/recipes?ingredient=dinner,POST,200,1039,Mozilla/5.0 (Windows NT 10.0; Win64; x64),109.127.63.75
2025-04-24 13:11:37.194317,/recipes?ingredient=dinner,GET,500,1540,PostmanRuntime/7.28.4,66.191.193.152
2025-04-24 13:13:11.194317,/recipes?ingredient=lunch,POST,500,1708,PostmanRuntime/7.28.4,144.236.243.51
2025-04-24 13:17:59.194317,/recipes?ingredient=dinner,GET,200,615,Mozilla/5.0 (Macintosh; Intel Mac OS X 10_15_7),251.1.126.119
2025-04-24 13:19:56.194317,/recipes?ingredient=dinner,GET,200,1383,Mozilla/5.0 (Macintosh; Intel Mac OS X 10_15_7),36.188.186.53
2025-04-24 13:25:26.194317,/recipes?ingredient=lunch,GET,200,712,Mozilla/5.0 (Macintosh; Intel Mac OS X 10_15_7),41.32.98.209
2025-04-24 13:25:36.194317,/recipes?ingredient=lunch,POST,200,1013,curl/7.68.0,136.5.255.64
2025-04-24 13:29:44.194317,/recipes?ingredient=dinner,GET,200,763,PostmanRuntime/7.28.4,155.219.236.58
2025-04-24 13:33:59.194317,/recipes?ingredient=lunch,GET,200,1522,Mozilla/5.0 (iPhone; CPU iPhone OS 15_0 like Mac OS X),167.117.57.14
2025-04-24 13:34:48.194317,/recipes?ingredient=dinner,GET,200,822,Mozilla/5.0 (Macintosh; Intel Mac OS X 10_15_7),96.197.220.19
2025-04-24 13:42:56.194317,/recipes?ingredient=dinner,GET,200,386,Mozilla/5.0 (Macintosh; Intel Mac OS X 10_15_7),38.142.59.181
2025-04-24 13:43:26.194317,/recipes?ingredient=lunch,GET,200,745,Mozilla/5.0 (iPhone; CPU iPhone OS 15_0 like Mac OS X),182.235.204.254
2025-04-24 13:44:26.194317,/recipes?ingredient=dinner,GET,500,219,PostmanRuntime/7.28.4,110.115.39.111
2025-04-24 13:45:04.194317,/recipes?ingredient=dinner,GET,500,1757,PostmanRuntime/7.28.4,213.227.160.83
2025-04-24 13:46:09.194317,/recipes?ingredient=dinner,POST,200,1807,PostmanRuntime/7.28.4,195.167.97.98
2025-04-24 13:47:16.194317,/recipes?ingredient=lunch,POST,404,1030,curl/7.68.0,224.179.249.84
2025-04-24 13:56:28.194317,/recipes?ingredient=lunch,GET,401,797,Mozilla/5.0 (iPhone; CPU iPhone OS 15_0 like Mac OS X),26.139.153.43
2025-04-24 13:57:05.194317,/recipes?ingredient=dinner,GET,401,1701,Mozilla/5.0 (Windows NT 10.0; Win64; x64),160.21.29.77
2025-04-24 13:59:02.194317,/recipes?ingredient=lunch,GET,200,593,Mozilla/5.0 (iPhone; CPU iPhone OS 15_0 like Mac OS X),53.223.3.182
2025-04-24 14:04:44.194317,/recipes?ingredient=dinner,GET,500,1910,Mozilla/5.0 (Windows NT 10.0; Win64; x64),234.211.150.143
2025-04-24 14:05:59.194317,/recipes?ingredient=dinner,GET,200,1407,curl/7.68.0,212.245.113.214
2025-04-24 14:11:40.194317,/recipes?ingredient=lunch,GET,200,1420,PostmanRuntime/7.28.4,128.36.139.94
2025-04-24 14:12:13.194317,/recipes?ingredient=dinner,GET,401,1923,PostmanRuntime/7.28.4,27.110.255.99
2025-04-24 14:18:15.194317,/recipes?ingredient=lunch,GET,200,258,Mozilla/5.0 (Macintosh; Intel Mac OS X 10_15_7),189.192.215.254
2025-04-24 14:24:39.194317,/recipes/random,GET,200,1458,PostmanRuntime/7.28.4,104.66.57.78
2025-04-24 14:24:55.194317,/recipes?ingredient=lunch,GET,200,1973,Mozilla/5.0 (Macintosh; Intel Mac OS X 10_15_7),132.161.122.7
2025-04-24 14:28:43.194317,/recipes?ingredient=lunch,GET,200,607,Mozilla/5.0 (Windows NT 10.0; Win64; x64),156.202.107.89
2025-04-24 14:31:11.194317,/recipes?ingredient=lunch,GET,401,665,Mozilla/5.0 (iPhone; CPU iPhone OS 15_0 like Mac OS X),16.180.151.7
2025-04-24 14:39:24.194317,/recipes?ingredient=breakfast,GET,404,647,PostmanRuntime/7.28.4,255.155.129.232
2025-04-24 14:42:05.194317,/recipes?ingredient=dinner,GET,200,549,Mozilla/5.0 (Windows NT 10.0; Win64; x64),98.91.66.186
2025-04-24 14:42:49.194317,/recipes?ingredient=lunch,POST,200,1037,curl/7.68.0,159.23.96.124
2025-04-24 14:43:23.194317,/recipes?ingredient=dinner,GET,200,1744,Mozilla/5.0 (iPhone; CPU iPhone OS 15_0 like Mac OS X),88.43.19.201
2025-04-24 14:49:44.194317,/recipes/categories,POST,200,717,curl/7.68.0,146.183.20.251
2025-04-24 14:53:09.194317,/recipes?ingredient=lunch,GET,500,759,PostmanRuntime/7.28.4,23.238.112.107
2025-04-24 14:53:36.194317,/recipes?ingredient=lunch,GET,404,128,Mozilla/5.0 (iPhone; CPU iPhone OS 15_0 like Mac OS X),222.38.37.20
2025-04-24 14:53:47.194317,/recipes/categories,GET,200,708,curl/7.68.0,66.12.16.138
2025-04-24 15:05:37.194317,/recipes?ingredient=breakfast,GET,200,1276,Mozilla/5.0 (iPhone; CPU iPhone OS 15_0 like Mac OS X),31.25.97.106
2025-04-24 15:06:30.194317,/recipes?ingredient=breakfast,GET,401,559,curl/7.68.0,140.195.23.243
2025-04-24 15:06:56.194317,/recipes?ingredient=lunch,GET,200,500,Mozilla/5.0 (Windows NT 10.0; Win64; x64),20.55.66.35
2025-04-24 15:09:08.194317,/recipes?ingredient=dinner,GET,200,325,PostmanRuntime/7.28.4,100.208.207.168
2025-04-24 15:09:15.194317,/recipes?ingredient=dinner,GET,500,973,Mozilla/5.0 (iPhone; CPU iPhone OS 15_0 like Mac OS X),125.165.225.90
2025-04-24 15:10:18.194317,/recipes?ingredient=lunch,GET,200,1741,Mozilla/5.0 (Macintosh; Intel Mac OS X 10_15_7),233.13.61.172
2025-04-24 15:12:01.194317,/recipes?ingredient=breakfast,POST,404,1316,PostmanRuntime/7.28.4,167.192.142.194
2025-04-24 15:13:21.194317,/recipes?ingredient=dinner,GET,500,334,Mozilla/5.0 (Windows NT 10.0; Win64; x64),240.255.40.152
2025-04-24 15:15:11.194317,/recipes?ingredient=lunch,GET,200,171,curl/7.68.0,123.7.2.163
2025-04-24 15:18:36.194317,/recipes?ingredient=dinner,POST,500,448,Mozilla/5.0 (Macintosh; Intel Mac OS X 10_15_7),40.63.3.193
2025-04-24 15:22:21.194317,/recipes?ingredient=lunch,POST,200,1740,Mozilla/5.0 (Macintosh; Intel Mac OS X 10_15_7),62.8.131.71
2025-04-24 15:29:56.194317,/recipes/categories,GET,401,1585,PostmanRuntime/7.28.4,53.83.25.201
2025-04-24 15:32:24.194317,/recipes?ingredient=dinner,GET,401,1312,Mozilla/5.0 (iPhone; CPU iPhone OS 15_0 like Mac OS X),195.80.50.114
2025-04-24 15:33:07.194317,/recipes?ingredient=dinner,GET,200,1763,Mozilla/5.0 (Windows NT 10.0; Win64; x64),203.127.118.140
2025-04-24 15:35:49.194317,/recipes/categories,GET,200,1065,Mozilla/5.0 (Windows NT 10.0; Win64; x64),17.138.106.210
2025-04-24 15:38:29.194317,/recipes?ingredient=lunch,GET,200,902,PostmanRuntime/7.28.4,249.101.49.107
2025-04-24 15:40:00.194317,/recipes?ingredient=dinner,POST,200,1161,Mozilla/5.0 (Macintosh; Intel Mac OS X 10_15_7),156.192.98.171
2025-04-24 15:40:08.194317,/recipes?ingredient=dinner,GET,200,1742,curl/7.68.0,218.251.85.184
2025-04-24 15:47:07.194317,/recipes?ingredient=dinner,GET,401,1834,PostmanRuntime/7.28.4,30.26.126.5
2025-04-24 15:56:09.194317,/recipes?ingredient=lunch,POST,200,1999,Mozilla/5.0 (iPhone; CPU iPhone OS 15_0 like Mac OS X),187.118.41.120
2025-04-24 15:59:46.194317,/recipes?ingredient=lunch,GET,200,1745,Mozilla/5.0 (Windows NT 10.0; Win64; x64),226.182.54.193
2025-04-24 16:04:05.194317,/recipes?ingredient=lunch,GET,401,734,Mozilla/5.0 (Windows NT 10.0; Win64; x64),74.192.55.255
2025-04-24 16:07:19.194317,/recipes/categories,GET,200,990,Mozilla/5.0 (Windows NT 10.0; Win64; x64),163.149.192.115
2025-04-24 16:08:14.194317,/recipes?ingredient=lunch,GET,401,1701,PostmanRuntime/7.28.4,225.231.152.192
2025-04-24 16:09:13.194317,/recipes?ingredient=lunch,POST,200,1357,PostmanRuntime/7.28.4,36.19.248.106
2025-04-24 16:11:40.194317,/recipes?ingredient=lunch,GET,401,1909,Mozilla/5.0 (Windows NT 10.0; Win64; x64),197.99.254.206
2025-04-24 16:16:41.194317,/recipes?ingredient=dinner,GET,200,648,Mozilla/5.0 (iPhone; CPU iPhone OS 15_0 like Mac OS X),241.2.6.78
2025-04-24 16:17:49.194317,/recipes/categories,GET,200,200,Mozilla/5.0 (iPhone; CPU iPhone OS 15_0 like Mac OS X),120.149.38.34
2025-04-24 16:17:59.194317,/recipes?ingredient=dinner,POST,500,1021,Mozilla/5.0 (Macintosh; Intel Mac OS X 10_15_7),35.182.122.2
2025-04-24 16:21:02.194317,/recipes?ingredient=lunch,GET,200,239,Mozilla/5.0 (Windows NT 10.0; Win64; x64),53.202.213.166
2025-04-24 16:21:38.194317,/recipes/random,GET,404,1453,Mozilla/5.0 (Windows NT 10.0; Win64; x64),29.39.79.106
2025-04-24 16:23:22.194317,/recipes?ingredient=dinner,POST,200,1791,PostmanRuntime/7.28.4,143.189.126.148
2025-04-24 16:24:37.194317,/recipes?ingredient=lunch,GET,500,686,curl/7.68.0,181.168.120.26
2025-04-24 16:28:40.194317,/recipes?ingredient=lunch,POST,200,468,Mozilla/5.0 (Windows NT 10.0; Win64; x64),161.237.251.6
2025-04-24 16:30:18.194317,/recipes?ingredient=dinner,GET,401,1519,Mozilla/5.0 (Windows NT 10.0; Win64; x64),87.208.114.138
2025-04-24 16:30:31.194317,/recipes?ingredient=lunch,GET,200,1919,Mozilla/5.0 (Windows NT 10.0; Win64; x64),164.16.68.28
2025-04-24 16:32:10.194317,/recipes?ingredient=dinner,POST,200,1913,Mozilla/5.0 (Macintosh; Intel Mac OS X 10_15_7),18.121.69.190
2025-04-24 16:32:24.194317,/recipes?ingredient=dinner,GET,200,122,PostmanRuntime/7.28.4,170.60.8.103
2025-04-24 16:33:28.194317,/recipes?ingredient=dinner,GET,200,1998,curl/7.68.0,225.234.33.101
2025-04-24 16:35:38.194317,/recipes?ingredient=dinner,POST,404,925,curl/7.68.0,202.240.105.169
2025-04-24 16:38:01.194317,/recipes?ingredient=lunch,GET,404,1362,Mozilla/5.0 (Windows NT 10.0; Win64; x64),46.13.96.25
2025-04-24 16:40:09.194317,/recipes?ingredient=lunch,POST,404,599,PostmanRuntime/7.28.4,144.27.224.128
2025-04-24 16:41:17.194317,/recipes/categories,POST,200,1965,PostmanRuntime/7.28.4,167.47.214.147
2025-04-24 16:44:47.194317,/recipes?ingredient=dinner,GET,200,747,curl/7.68.0,34.197.171.199
2025-04-24 16:47:58.194317,/recipes/random,GET,200,1098,Mozilla/5.0 (Macintosh; Intel Mac OS X 10_15_7),189.246.106.40
2025-04-24 16:48:36.194317,/recipes?ingredient=dinner,GET,200,813,Mozilla/5.0 (Macintosh; Intel Mac OS X 10_15_7),44.117.43.96
2025-04-24 16:53:12.194317,/recipes?ingredient=dinner,GET,404,764,PostmanRuntime/7.28.4,67.16.174.66
2025-04-24 16:53:48.194317,/recipes?ingredient=dinner,GET,500,493,PostmanRuntime/7.28.4,174.149.196.171
2025-04-24 16:55:14.194317,/recipes?ingredient=dinner,GET,200,1456,Mozilla/5.0 (iPhone; CPU iPhone OS 15_0 like Mac OS X),179.17.56.124
2025-04-24 16:56:01.194317,/recipes?ingredient=breakfast,GET,404,1424,Mozilla/5.0 (Windows NT 10.0; Win64; x64),55.50.33.105
2025-04-24 16:56:07.194317,/recipes?ingredient=dinner,GET,404,1155,Mozilla/5.0 (Windows NT 10.0; Win64; x64),143.30.222.94
2025-04-24 16:56:37.194317,/recipes?ingredient=dinner,GET,200,1956,Mozilla/5.0 (iPhone; CPU iPhone OS 15_0 like Mac OS X),180.212.178.181
2025-04-24 16:57:09.194317,/recipes?ingredient=lunch,GET,200,683,PostmanRuntime/7.28.4,132.132.229.152
2025-04-24 16:58:16.194317,/recipes?ingredient=lunch,GET,200,697,Mozilla/5.0 (Windows NT 10.0; Win64; x64),53.216.118.207
2025-04-24 16:59:40.194317,/recipes?ingredient=dinner,GET,200,1586,PostmanRuntime/7.28.4,41.120.43.12
2025-04-24 17:00:08.194317,/recipes?ingredient=dinner,GET,404,832,PostmanRuntime/7.28.4,52.121.241.116
2025-04-24 17:06:00.194317,/recipes/categories,GET,200,1733,Mozilla/5.0 (Macintosh; Intel Mac OS X 10_15_7),33.212.80.22
2025-04-24 17:06:01.194317,/recipes?ingredient=dinner,GET,200,1684,Mozilla/5.0 (iPhone; CPU iPhone OS 15_0 like Mac OS X),248.153.129.76
2025-04-24 17:06:17.194317,/recipes?ingredient=lunch,GET,200,920,Mozilla/5.0 (iPhone; CPU iPhone OS 15_0 like Mac OS X),86.145.143.61
2025-04-24 17:06:35.194317,/recipes?ingredient=dinner,GET,401,941,Mozilla/5.0 (Macintosh; Intel Mac OS X 10_15_7),251.162.79.17
2025-04-24 17:06:54.194317,/recipes?ingredient=breakfast,POST,500,1768,Mozilla/5.0 (Macintosh; Intel Mac OS X 10_15_7),76.226.200.115
2025-04-24 17:07:04.194317,/recipes?ingredient=dinner,GET,200,1676,Mozilla/5.0 (Windows NT 10.0; Win64; x64),123.177.133.186
2025-04-24 17:07:33.194317,/recipes?ingredient=lunch,GET,200,489,Mozilla/5.0 (Macintosh; Intel Mac OS X 10_15_7),253.190.36.168
2025-04-24 17:10:11.194317,/recipes?ingredient=lunch,GET,500,938,PostmanRuntime/7.28.4,173.203.69.62
2025-04-24 17:14:44.194317,/recipes?ingredient=dinner,POST,200,926,PostmanRuntime/7.28.4,86.210.20.202
2025-04-24 17:18:08.194317,/recipes?ingredient=dinner,GET,401,1170,Mozilla/5.0 (Windows NT 10.0; Win64; x64),23.210.220.156
2025-04-24 17:18:16.194317,/recipes?ingredient=dinner,GET,500,1562,Mozilla/5.0 (Windows NT 10.0; Win64; x64),13.90.3.125
2025-04-24 17:18:39.194317,/recipes?ingredient=breakfast,POST,200,1763,Mozilla/5.0 (Windows NT 10.0; Win64; x64),251.208.60.182
2025-04-24 17:25:16.194317,/recipes?ingredient=dinner,GET,200,1149,PostmanRuntime/7.28.4,134.57.10.54
2025-04-24 17:27:07.194317,/recipes?ingredient=dinner,GET,200,1913,Mozilla/5.0 (iPhone; CPU iPhone OS 15_0 like Mac OS X),239.92.134.43
2025-04-24 17:29:44.194317,/recipes?ingredient=lunch,GET,401,1618,Mozilla/5.0 (iPhone; CPU iPhone OS 15_0 like Mac OS X),73.247.245.227
2025-04-24 17:31:05.194317,/recipes?ingredient=dinner,GET,200,356,Mozilla/5.0 (Windows NT 10.0; Win64; x64),49.3.110.42
2025-04-24 17:32:09.194317,/recipes?ingredient=lunch,POST,404,1598,Mozilla/5.0 (Macintosh; Intel Mac OS X 10_15_7),28.118.59.35
2025-04-24 17:36:46.194317,/recipes?ingredient=lunch,GET,200,1681,curl/7.68.0,115.19.97.228
2025-04-24 17:39:59.194317,/recipes?ingredient=breakfast,GET,200,676,PostmanRuntime/7.28.4,219.186.122.57
2025-04-24 17:46:32.194317,/recipes?ingredient=lunch,GET,404,1835,PostmanRuntime/7.28.4,22.145.117.237
2025-04-24 17:48:34.194317,/recipes?ingredient=breakfast,GET,404,644,Mozilla/5.0 (Macintosh; Intel Mac OS X 10_15_7),59.43.139.2
2025-04-24 17:50:00.194317,/recipes?ingredient=dinner,GET,200,190,Mozilla/5.0 (Windows NT 10.0; Win64; x64),39.22.194.6
2025-04-24 17:54:02.194317,/recipes?ingredient=lunch,GET,200,171,PostmanRuntime/7.28.4,100.155.113.116
2025-04-24 17:54:38.194317,/recipes?ingredient=lunch,GET,500,1883,curl/7.68.0,245.69.49.60
2025-04-24 17:56:58.194317,/recipes/categories,GET,500,955,Mozilla/5.0 (iPhone; CPU iPhone OS 15_0 like Mac OS X),150.72.13.86
2025-04-24 17:57:40.194317,/recipes?ingredient=lunch,POST,200,1519,PostmanRuntime/7.28.4,118.178.138.5
2025-04-24 17:57:48.194317,/recipes?ingredient=lunch,GET,200,961,Mozilla/5.0 (Windows NT 10.0; Win64; x64),123.52.191.166
2025-04-24 17:58:10.194317,/recipes?ingredient=lunch,GET,401,1605,Mozilla/5.0 (Macintosh; Intel Mac OS X 10_15_7),28.154.173.218
2025-04-24 17:58:42.194317,/recipes?ingredient=dinner,GET,200,1401,PostmanRuntime/7.28.4,167.194.50.94
2025-04-24 18:03:29.194317,/recipes?ingredient=dinner,GET,200,950,PostmanRuntime/7.28.4,66.139.254.10
2025-04-24 18:07:08.194317,/recipes?ingredient=lunch,POST,200,1504,Mozilla/5.0 (iPhone; CPU iPhone OS 15_0 like Mac OS X),239.169.128.54
2025-04-24 18:07:47.194317,/recipes?ingredient=dinner,GET,200,1451,curl/7.68.0,11.226.70.137
2025-04-24 18:09:00.194317,/recipes?ingredient=lunch,POST,200,1409,PostmanRuntime/7.28.4,100.193.121.19
2025-04-24 18:17:23.194317,/recipes?ingredient=dinner,GET,200,877,curl/7.68.0,211.139.189.234
2025-04-24 18:21:43.194317,/recipes?ingredient=lunch,GET,401,1386,curl/7.68.0,86.198.117.50
2025-04-24 18:26:32.194317,/recipes?ingredient=dinner,GET,404,1185,Mozilla/5.0 (Macintosh; Intel Mac OS X 10_15_7),113.25.150.83
2025-04-24 18:36:44.194317,/recipes?ingredient=dinner,GET,404,1285,PostmanRuntime/7.28.4,118.18.44.244
2025-04-24 18:36:57.194317,/recipes?ingredient=dinner,GET,404,817,curl/7.68.0,144.95.100.254
2025-04-24 18:42:15.194317,/recipes?ingredient=dinner,GET,200,250,PostmanRuntime/7.28.4,11.241.86.114
2025-04-24 18:46:40.194317,/recipes?ingredient=dinner,GET,404,1956,Mozilla/5.0 (Windows NT 10.0; Win64; x64),187.194.147.97
2025-04-24 18:49:08.194317,/recipes?ingredient=lunch,GET,200,1419,Mozilla/5.0 (Macintosh; Intel Mac OS X 10_15_7),57.49.239.247
2025-04-24 18:50:02.194317,/recipes?ingredient=lunch,GET,401,1135,curl/7.68.0,225.119.235.228
2025-04-24 18:51:00.194317,/recipes?ingredient=lunch,GET,500,351,PostmanRuntime/7.28.4,240.41.10.203
2025-04-24 18:51:15.194317,/recipes?ingredient=lunch,GET,200,493,curl/7.68.0,195.153.122.27
2025-04-24 18:58:55.194317,/recipes?ingredient=lunch,GET,200,1626,Mozilla/5.0 (iPhone; CPU iPhone OS 15_0 like Mac OS X),26.52.189.156
2025-04-24 18:59:35.194317,/recipes?ingredient=dinner,GET,404,1326,Mozilla/5.0 (Windows NT 10.0; Win64; x64),168.179.203.190
2025-04-24 19:01:19.194317,/recipes?ingredient=lunch,GET,404,178,curl/7.68.0,109.254.147.64
2025-04-24 19:08:49.194317,/recipes/random,GET,200,1750,Mozilla/5.0 (Macintosh; Intel Mac OS X 10_15_7),192.164.249.133
2025-04-24 19:13:30.194317,/recipes?ingredient=dinner,GET,401,870,PostmanRuntime/7.28.4,156.137.182.241
2025-04-24 19:16:37.194317,/recipes?ingredient=lunch,GET,200,1591,PostmanRuntime/7.28.4,64.26.142.132
2025-04-24 19:17:04.194317,/recipes?ingredient=dinner,GET,200,629,PostmanRuntime/7.28.4,7.212.163.159
2025-04-24 19:17:15.194317,/recipes?ingredient=dinner,POST,404,607,curl/7.68.0,26.93.253.82
2025-04-24 19:20:03.194317,/recipes?ingredient=dinner,GET,200,204,PostmanRuntime/7.28.4,158.133.76.26
2025-04-24 19:20:24.194317,/recipes?ingredient=dinner,POST,404,1143,curl/7.68.0,116.230.39.96
2025-04-24 19:20:54.194317,/recipes?ingredient=dinner,GET,404,713,PostmanRuntime/7.28.4,9.92.141.225
2025-04-24 19:24:01.194317,/recipes?ingredient=breakfast,GET,401,1386,curl/7.68.0,243.81.242.11
2025-04-24 19:25:32.194317,/recipes?ingredient=lunch,GET,401,342,PostmanRuntime/7.28.4,42.3.174.33
2025-04-24 19:29:37.194317,/recipes?ingredient=dinner,POST,200,169,Mozilla/5.0 (iPhone; CPU iPhone OS 15_0 like Mac OS X),71.48.200.159
2025-04-24 19:29:41.194317,/recipes?ingredient=lunch,POST,401,1427,curl/7.68.0,199.207.192.54
2025-04-24 19:31:12.194317,/recipes/random,POST,200,1695,Mozilla/5.0 (Macintosh; Intel Mac OS X 10_15_7),65.138.44.37
2025-04-24 19:31:16.194317,/recipes/random,GET,200,1102,Mozilla/5.0 (iPhone; CPU iPhone OS 15_0 like Mac OS X),168.168.180.45
2025-04-24 19:35:17.194317,/recipes?ingredient=dinner,GET,200,1305,Mozilla/5.0 (Windows NT 10.0; Win64; x64),130.101.37.28
2025-04-24 19:36:49.194317,/recipes?ingredient=lunch,GET,200,921,Mozilla/5.0 (iPhone; CPU iPhone OS 15_0 like Mac OS X),58.177.177.129
2025-04-24 19:37:32.194317,/recipes?ingredient=dinner,POST,404,499,Mozilla/5.0 (iPhone; CPU iPhone OS 15_0 like Mac OS X),157.13.158.2
2025-04-24 19:40:36.194317,/recipes?ingredient=lunch,GET,200,1979,Mozilla/5.0 (Windows NT 10.0; Win64; x64),214.18.92.214
2025-04-24 19:42:40.194317,/recipes?ingredient=lunch,POST,404,796,Mozilla/5.0 (Windows NT 10.0; Win64; x64),58.220.36.149
2025-04-24 19:45:59.194317,/recipes/categories,GET,200,1342,PostmanRuntime/7.28.4,157.171.108.17
2025-04-24 19:54:19.194317,/recipes/random,GET,200,1498,PostmanRuntime/7.28.4,230.51.82.17
2025-04-24 19:57:32.194317,/recipes?ingredient=lunch,GET,200,1632,Mozilla/5.0 (Windows NT 10.0; Win64; x64),45.115.210.214
2025-04-24 19:58:25.194317,/recipes?ingredient=dinner,GET,500,1811,Mozilla/5.0 (iPhone; CPU iPhone OS 15_0 like Mac OS X),151.4.236.91
2025-04-24 20:05:02.194317,/recipes?ingredient=breakfast,GET,200,1260,PostmanRuntime/7.28.4,204.23.123.127
2025-04-24 20:06:53.194317,/recipes?ingredient=dinner,GET,200,1132,curl/7.68.0,30.131.65.156
2025-04-24 20:09:16.194317,/recipes?ingredient=dinner,GET,200,1217,PostmanRuntime/7.28.4,236.133.68.105
2025-04-24 20:11:06.194317,/recipes?ingredient=dinner,GET,200,1561,Mozilla/5.0 (Windows NT 10.0; Win64; x64),40.209.184.238
2025-04-24 20:12:04.194317,/recipes?ingredient=dinner,GET,401,149,curl/7.68.0,90.74.88.150
2025-04-24 20:13:11.194317,/recipes/random,GET,500,1981,Mozilla/5.0 (iPhone; CPU iPhone OS 15_0 like Mac OS X),126.64.55.65
2025-04-24 20:13:49.194317,/recipes?ingredient=dinner,GET,401,737,Mozilla/5.0 (Macintosh; Intel Mac OS X 10_15_7),179.125.104.15
2025-04-24 20:13:56.194317,/recipes?ingredient=lunch,GET,200,668,Mozilla/5.0 (Macintosh; Intel Mac OS X 10_15_7),146.98.98.106
2025-04-24 20:15:15.194317,/recipes?ingredient=lunch,POST,404,966,Mozilla/5.0 (Macintosh; Intel Mac OS X 10_15_7),97.149.20.139
2025-04-24 20:16:40.194317,/recipes?ingredient=lunch,GET,404,972,PostmanRuntime/7.28.4,188.150.25.134
2025-04-24 20:16:59.194317,/recipes?ingredient=dinner,POST,404,1352,Mozilla/5.0 (iPhone; CPU iPhone OS 15_0 like Mac OS X),24.92.205.31
2025-04-24 20:17:21.194317,/recipes?ingredient=dinner,GET,200,1049,Mozilla/5.0 (Windows NT 10.0; Win64; x64),140.213.198.157
2025-04-24 20:17:30.194317,/recipes?ingredient=breakfast,POST,200,416,Mozilla/5.0 (Windows NT 10.0; Win64; x64),57.170.41.237
2025-04-24 20:19:48.194317,/recipes?ingredient=dinner,GET,200,406,Mozilla/5.0 (Windows NT 10.0; Win64; x64),6.170.35.160
2025-04-24 20:31:09.194317,/recipes?ingredient=breakfast,GET,200,1129,PostmanRuntime/7.28.4,148.157.69.137
2025-04-24 20:31:48.194317,/recipes?ingredient=dinner,GET,401,1100,Mozilla/5.0 (iPhone; CPU iPhone OS 15_0 like Mac OS X),177.225.98.223
2025-04-24 20:33:03.194317,/recipes?ingredient=breakfast,POST,200,267,Mozilla/5.0 (Windows NT 10.0; Win64; x64),63.1.199.53
2025-04-24 20:37:08.194317,/recipes?ingredient=dinner,GET,200,530,curl/7.68.0,128.187.129.91
2025-04-24 20:39:34.194317,/recipes/random,GET,200,333,Mozilla/5.0 (Macintosh; Intel Mac OS X 10_15_7),27.155.235.185
2025-04-24 20:51:05.194317,/recipes?ingredient=lunch,GET,200,840,Mozilla/5.0 (Macintosh; Intel Mac OS X 10_15_7),242.91.69.94
2025-04-24 20:57:29.194317,/recipes?ingredient=lunch,GET,404,86,PostmanRuntime/7.28.4,144.90.189.134
2025-04-24 20:59:25.194317,/recipes?ingredient=lunch,GET,404,607,PostmanRuntime/7.28.4,60.130.68.232
2025-04-24 21:00:21.194317,/recipes?ingredient=lunch,POST,200,1574,Mozilla/5.0 (Windows NT 10.0; Win64; x64),115.249.85.247
2025-04-24 21:00:44.194317,/recipes?ingredient=lunch,GET,200,824,Mozilla/5.0 (Macintosh; Intel Mac OS X 10_15_7),181.85.112.201
2025-04-24 21:01:50.194317,/recipes?ingredient=dinner,GET,200,1995,Mozilla/5.0 (Windows NT 10.0; Win64; x64),77.163.19.102
2025-04-24 21:02:19.194317,/recipes?ingredient=dinner,GET,200,156,Mozilla/5.0 (iPhone; CPU iPhone OS 15_0 like Mac OS X),98.40.234.151
2025-04-24 21:07:10.194317,/recipes/categories,GET,200,1629,Mozilla/5.0 (Macintosh; Intel Mac OS X 10_15_7),4.160.50.205
2025-04-24 21:10:06.194317,/recipes/random,GET,401,627,curl/7.68.0,199.5.126.144
2025-04-24 21:16:14.194317,/recipes?ingredient=lunch,GET,200,1691,curl/7.68.0,142.13.129.125
2025-04-24 21:19:25.194317,/recipes?ingredient=lunch,POST,200,770,PostmanRuntime/7.28.4,116.186.170.36
2025-04-24 21:20:14.194317,/recipes?ingredient=dinner,GET,404,242,PostmanRuntime/7.28.4,235.19.228.79
2025-04-24 21:20:43.194317,/recipes?ingredient=lunch,GET,200,104,Mozilla/5.0 (Windows NT 10.0; Win64; x64),129.148.176.84
2025-04-24 21:31:55.194317,/recipes?ingredient=lunch,GET,200,589,Mozilla/5.0 (Windows NT 10.0; Win64; x64),243.23.225.171
2025-04-24 21:37:55.194317,/recipes?ingredient=lunch,GET,404,976,curl/7.68.0,34.52.225.59
2025-04-24 21:38:51.194317,/recipes?ingredient=dinner,GET,401,1200,Mozilla/5.0 (Macintosh; Intel Mac OS X 10_15_7),6.237.233.251
2025-04-24 21:39:47.194317,/recipes?ingredient=breakfast,GET,404,696,Mozilla/5.0 (Windows NT 10.0; Win64; x64),146.229.193.111
2025-04-24 21:43:06.194317,/recipes?ingredient=lunch,GET,200,1059,Mozilla/5.0 (iPhone; CPU iPhone OS 15_0 like Mac OS X),118.223.200.144
2025-04-24 21:49:54.194317,/recipes?ingredient=lunch,POST,200,802,PostmanRuntime/7.28.4,5.175.175.184
2025-04-24 21:49:57.194317,/recipes?ingredient=dinner,GET,200,912,Mozilla/5.0 (Windows NT 10.0; Win64; x64),154.185.210.72
2025-04-24 21:51:50.194317,/recipes?ingredient=breakfast,POST,200,108,Mozilla/5.0 (Windows NT 10.0; Win64; x64),126.37.60.127
2025-04-24 21:52:20.194317,/recipes?ingredient=dinner,GET,200,424,curl/7.68.0,144.84.131.16
2025-04-24 21:52:45.194317,/recipes?ingredient=lunch,GET,200,892,curl/7.68.0,68.199.104.238
2025-04-24 21:54:24.194317,/recipes?ingredient=dinner,GET,401,277,PostmanRuntime/7.28.4,180.110.34.58
2025-04-24 21:56:02.194317,/recipes?ingredient=dinner,GET,200,1239,Mozilla/5.0 (Macintosh; Intel Mac OS X 10_15_7),198.195.53.44
2025-04-24 21:57:15.194317,/recipes?ingredient=dinner,GET,401,1400,PostmanRuntime/7.28.4,99.83.222.45
2025-04-24 21:57:27.194317,/recipes?ingredient=dinner,GET,200,52,Mozilla/5.0 (iPhone; CPU iPhone OS 15_0 like Mac OS X),151.113.190.193
2025-04-24 21:58:47.194317,/recipes?ingredient=dinner,GET,500,963,curl/7.68.0,142.43.244.200
2025-04-24 22:00:36.194317,/recipes?ingredient=breakfast,POST,500,1797,curl/7.68.0,59.74.125.27
2025-04-24 22:00:44.194317,/recipes?ingredient=breakfast,GET,500,1357,Mozilla/5.0 (Windows NT 10.0; Win64; x64),3.87.164.44
2025-04-24 22:05:09.194317,/recipes?ingredient=dinner,GET,200,691,Mozilla/5.0 (Macintosh; Intel Mac OS X 10_15_7),3.87.94.73
2025-04-24 22:09:26.194317,/recipes?ingredient=lunch,GET,200,1294,Mozilla/5.0 (Windows NT 10.0; Win64; x64),70.68.58.47
2025-04-24 22:16:07.194317,/recipes?ingredient=dinner,GET,200,1523,Mozilla/5.0 (Macintosh; Intel Mac OS X 10_15_7),120.56.187.51
2025-04-24 22:18:42.194317,/recipes?ingredient=lunch,GET,200,190,Mozilla/5.0 (iPhone; CPU iPhone OS 15_0 like Mac OS X),196.167.204.147
2025-04-24 22:22:26.194317,/recipes?ingredient=dinner,GET,200,882,Mozilla/5.0 (Windows NT 10.0; Win64; x64),7.214.192.125
2025-04-24 22:24:50.194317,/recipes?ingredient=dinner,GET,404,1011,Mozilla/5.0 (Macintosh; Intel Mac OS X 10_15_7),195.190.181.137
2025-04-24 22:24:53.194317,/recipes/random,GET,200,347,Mozilla/5.0 (Macintosh; Intel Mac OS X 10_15_7),75.236.172.74
2025-04-24 22:27:11.194317,/recipes?ingredient=dinner,GET,200,1540,curl/7.68.0,121.149.100.206
2025-04-24 22:31:29.194317,/recipes?ingredient=lunch,GET,500,444,Mozilla/5.0 (iPhone; CPU iPhone OS 15_0 like Mac OS X),222.80.62.151
2025-04-24 22:34:00.194317,/recipes/categories,GET,200,968,curl/7.68.0,88.223.210.51
2025-04-24 22:36:40.194317,/recipes?ingredient=lunch,GET,200,525,Mozilla/5.0 (iPhone; CPU iPhone OS 15_0 like Mac OS X),25.35.75.57
2025-04-24 22:41:53.194317,/recipes?ingredient=dinner,GET,200,562,Mozilla/5.0 (iPhone; CPU iPhone OS 15_0 like Mac OS X),174.13.13.147
2025-04-24 22:45:17.194317,/recipes?ingredient=lunch,GET,200,566,curl/7.68.0,92.189.131.128
2025-04-24 22:45:41.194317,/recipes/random,POST,401,387,Mozilla/5.0 (Windows NT 10.0; Win64; x64),164.135.84.59
2025-04-24 22:46:06.194317,/recipes?ingredient=lunch,GET,200,434,curl/7.68.0,12.16.29.248
2025-04-24 22:49:09.194317,/recipes?ingredient=dinner,POST,200,676,PostmanRuntime/7.28.4,177.47.60.187
2025-04-24 22:49:25.194317,/recipes?ingredient=dinner,GET,200,712,Mozilla/5.0 (Windows NT 10.0; Win64; x64),81.176.130.152
2025-04-24 23:00:00.194317,/recipes?ingredient=dinner,GET,401,173,PostmanRuntime/7.28.4,218.156.153.158
2025-04-24 23:02:23.194317,/recipes?ingredient=lunch,POST,404,367,PostmanRuntime/7.28.4,132.238.5.2
2025-04-24 23:06:20.194317,/recipes?ingredient=breakfast,GET,500,1200,Mozilla/5.0 (Windows NT 10.0; Win64; x64),164.65.212.29
2025-04-24 23:11:42.194317,/recipes/categories,GET,200,580,Mozilla/5.0 (Macintosh; Intel Mac OS X 10_15_7),135.241.149.7
2025-04-24 23:16:34.194317,/recipes?ingredient=dinner,GET,401,1786,curl/7.68.0,55.220.68.64
2025-04-24 23:18:14.194317,/recipes?ingredient=dinner,GET,401,1363,Mozilla/5.0 (Macintosh; Intel Mac OS X 10_15_7),157.98.214.153
2025-04-24 23:24:42.194317,/recipes?ingredient=dinner,GET,200,1394,Mozilla/5.0 (Windows NT 10.0; Win64; x64),17.93.30.176
2025-04-24 23:32:09.194317,/recipes/random,GET,404,1598,Mozilla/5.0 (Macintosh; Intel Mac OS X 10_15_7),55.77.234.157
2025-04-24 23:33:42.194317,/recipes?ingredient=lunch,GET,200,993,Mozilla/5.0 (Macintosh; Intel Mac OS X 10_15_7),107.165.13.38
2025-04-24 23:40:05.194317,/recipes?ingredient=lunch,GET,200,412,curl/7.68.0,43.163.185.239
2025-04-24 23:44:31.194317,/recipes?ingredient=breakfast,GET,500,508,Mozilla/5.0 (iPhone; CPU iPhone OS 15_0 like Mac OS X),225.239.243.195
2025-04-24 23:47:40.194317,/recipes?ingredient=dinner,POST,200,907,Mozilla/5.0 (Windows NT 10.0; Win64; x64),207.17.30.98
2025-04-24 23:48:55.194317,/recipes?ingredient=dinner,GET,200,1424,Mozilla/5.0 (Macintosh; Intel Mac OS X 10_15_7),2.32.203.80
2025-04-24 23:58:45.194317,/recipes?ingredient=dinner,GET,200,1894,curl/7.68.0,22.213.206.189
2025-04-25 00:02:27.194317,/recipes?ingredient=dinner,GET,404,1777,PostmanRuntime/7.28.4,160.24.57.83
2025-04-25 00:05:32.194317,/recipes?ingredient=lunch,GET,200,474,curl/7.68.0,40.24.96.93
